[
    {
        "Sl": {
            "No": 1
        },
        "Date": "12/27/2021",
        "Name": "Tristan Jillis",
        "Phone": "590-529-1190",
        "Email": "tjillis0@4shared.com",
        "Study": "tjillis0",
        "Level": "tjillis0",
        "Intake": "tjillis0",
        "Status": false
    },
    {
        "Sl": {
            "No": 2
        },
        "Date": "07/01/2021",
        "Name": "Gayle O'Harney",
        "Phone": "967-681-6514",
        "Email": "goharney1@mac.com",
        "Study": "goharney1",
        "Level": "goharney1",
        "Intake": "goharney1",
        "Status": false
    },
    {
        "Sl": {
            "No": 3
        },
        "Date": "03/03/2021",
        "Name": "Etta Batten",
        "Phone": "291-351-8559",
        "Email": "ebatten2@w3.org",
        "Study": "ebatten2",
        "Level": "ebatten2",
        "Intake": "ebatten2",
        "Status": true
    },
    {
        "Sl": {
            "No": 4
        },
        "Date": "07/03/2021",
        "Name": "Cammy Cabbell",
        "Phone": "401-117-0486",
        "Email": "ccabbell3@youtu.be",
        "Study": "ccabbell3",
        "Level": "ccabbell3",
        "Intake": "ccabbell3",
        "Status": true
    },
    {
        "Sl": {
            "No": 5
        },
        "Date": "01/25/2022",
        "Name": "Vinny Trenbay",
        "Phone": "735-309-7317",
        "Email": "vtrenbay4@engadget.com",
        "Study": "vtrenbay4",
        "Level": "vtrenbay4",
        "Intake": "vtrenbay4",
        "Status": false
    },
    {
        "Sl": {
            "No": 6
        },
        "Date": "02/20/2022",
        "Name": "Claudell Athy",
        "Phone": "437-768-9797",
        "Email": "cathy5@tamu.edu",
        "Study": "cathy5",
        "Level": "cathy5",
        "Intake": "cathy5",
        "Status": true
    },
    {
        "Sl": {
            "No": 7
        },
        "Date": "03/31/2021",
        "Name": "Jake Botterill",
        "Phone": "167-253-3287",
        "Email": "jbotterill6@exblog.jp",
        "Study": "jbotterill6",
        "Level": "jbotterill6",
        "Intake": "jbotterill6",
        "Status": false
    },
    {
        "Sl": {
            "No": 8
        },
        "Date": "05/12/2021",
        "Name": "Mel Andrich",
        "Phone": "587-788-1614",
        "Email": "mandrich7@java.com",
        "Study": "mandrich7",
        "Level": "mandrich7",
        "Intake": "mandrich7",
        "Status": true
    },
    {
        "Sl": {
            "No": 9
        },
        "Date": "11/11/2021",
        "Name": "Noel Laughren",
        "Phone": "405-213-1289",
        "Email": "nlaughren8@dailymail.co.uk",
        "Study": "nlaughren8",
        "Level": "nlaughren8",
        "Intake": "nlaughren8",
        "Status": true
    },
    {
        "Sl": {
            "No": 10
        },
        "Date": "01/12/2022",
        "Name": "Shepperd Trevna",
        "Phone": "923-651-1085",
        "Email": "strevna9@slate.com",
        "Study": "strevna9",
        "Level": "strevna9",
        "Intake": "strevna9",
        "Status": true
    },
    {
        "Sl": {
            "No": 11
        },
        "Date": "10/31/2021",
        "Name": "Fleming Barwell",
        "Phone": "981-846-6471",
        "Email": "fbarwella@google.de",
        "Study": "fbarwella",
        "Level": "fbarwella",
        "Intake": "fbarwella",
        "Status": true
    },
    {
        "Sl": {
            "No": 12
        },
        "Date": "10/02/2021",
        "Name": "Susana Staries",
        "Phone": "708-614-7106",
        "Email": "sstariesb@blogs.com",
        "Study": "sstariesb",
        "Level": "sstariesb",
        "Intake": "sstariesb",
        "Status": true
    },
    {
        "Sl": {
            "No": 13
        },
        "Date": "04/21/2021",
        "Name": "Darby Greendale",
        "Phone": "296-290-4773",
        "Email": "dgreendalec@unblog.fr",
        "Study": "dgreendalec",
        "Level": "dgreendalec",
        "Intake": "dgreendalec",
        "Status": false
    },
    {
        "Sl": {
            "No": 14
        },
        "Date": "03/07/2021",
        "Name": "Roman Fisby",
        "Phone": "699-636-5645",
        "Email": "rfisbyd@archive.org",
        "Study": "rfisbyd",
        "Level": "rfisbyd",
        "Intake": "rfisbyd",
        "Status": true
    },
    {
        "Sl": {
            "No": 15
        },
        "Date": "08/27/2021",
        "Name": "Chandler Diack",
        "Phone": "742-933-7549",
        "Email": "cdiacke@cyberchimps.com",
        "Study": "cdiacke",
        "Level": "cdiacke",
        "Intake": "cdiacke",
        "Status": false
    },
    {
        "Sl": {
            "No": 16
        },
        "Date": "07/12/2021",
        "Name": "Maynord McEnery",
        "Phone": "642-416-5320",
        "Email": "mmceneryf@google.fr",
        "Study": "mmceneryf",
        "Level": "mmceneryf",
        "Intake": "mmceneryf",
        "Status": true
    },
    {
        "Sl": {
            "No": 17
        },
        "Date": "08/26/2021",
        "Name": "Anabelle Vautre",
        "Phone": "954-174-4322",
        "Email": "avautreg@technorati.com",
        "Study": "avautreg",
        "Level": "avautreg",
        "Intake": "avautreg",
        "Status": true
    },
    {
        "Sl": {
            "No": 18
        },
        "Date": "12/29/2021",
        "Name": "Sherri Widdop",
        "Phone": "359-522-1735",
        "Email": "swiddoph@pbs.org",
        "Study": "swiddoph",
        "Level": "swiddoph",
        "Intake": "swiddoph",
        "Status": true
    },
    {
        "Sl": {
            "No": 19
        },
        "Date": "01/01/2022",
        "Name": "Lilllie Cotton",
        "Phone": "626-656-8422",
        "Email": "lcottoni@istockphoto.com",
        "Study": "lcottoni",
        "Level": "lcottoni",
        "Intake": "lcottoni",
        "Status": true
    },
    {
        "Sl": {
            "No": 20
        },
        "Date": "07/08/2021",
        "Name": "Ancell Pinckney",
        "Phone": "317-931-7949",
        "Email": "apinckneyj@globo.com",
        "Study": "apinckneyj",
        "Level": "apinckneyj",
        "Intake": "apinckneyj",
        "Status": false
    },
    {
        "Sl": {
            "No": 21
        },
        "Date": "01/24/2022",
        "Name": "Sascha Columbell",
        "Phone": "105-950-5332",
        "Email": "scolumbellk@bing.com",
        "Study": "scolumbellk",
        "Level": "scolumbellk",
        "Intake": "scolumbellk",
        "Status": true
    },
    {
        "Sl": {
            "No": 22
        },
        "Date": "06/03/2021",
        "Name": "Angelo Locke",
        "Phone": "862-446-8369",
        "Email": "alockel@symantec.com",
        "Study": "alockel",
        "Level": "alockel",
        "Intake": "alockel",
        "Status": true
    },
    {
        "Sl": {
            "No": 23
        },
        "Date": "04/02/2021",
        "Name": "Irena Pyffe",
        "Phone": "372-325-1445",
        "Email": "ipyffem@ask.com",
        "Study": "ipyffem",
        "Level": "ipyffem",
        "Intake": "ipyffem",
        "Status": true
    },
    {
        "Sl": {
            "No": 24
        },
        "Date": "10/26/2021",
        "Name": "Portia Pencott",
        "Phone": "799-680-2861",
        "Email": "ppencottn@newyorker.com",
        "Study": "ppencottn",
        "Level": "ppencottn",
        "Intake": "ppencottn",
        "Status": false
    },
    {
        "Sl": {
            "No": 25
        },
        "Date": "06/21/2021",
        "Name": "Siouxie Pellitt",
        "Phone": "593-278-3940",
        "Email": "spellitto@usnews.com",
        "Study": "spellitto",
        "Level": "spellitto",
        "Intake": "spellitto",
        "Status": false
    },
    {
        "Sl": {
            "No": 26
        },
        "Date": "12/31/2021",
        "Name": "Lenore Renney",
        "Phone": "940-454-6701",
        "Email": "lrenneyp@stanford.edu",
        "Study": "lrenneyp",
        "Level": "lrenneyp",
        "Intake": "lrenneyp",
        "Status": true
    },
    {
        "Sl": {
            "No": 27
        },
        "Date": "06/15/2021",
        "Name": "Eadie Jehan",
        "Phone": "181-245-5482",
        "Email": "ejehanq@gizmodo.com",
        "Study": "ejehanq",
        "Level": "ejehanq",
        "Intake": "ejehanq",
        "Status": true
    },
    {
        "Sl": {
            "No": 28
        },
        "Date": "10/15/2021",
        "Name": "Hoyt Tolliday",
        "Phone": "328-117-0179",
        "Email": "htollidayr@npr.org",
        "Study": "htollidayr",
        "Level": "htollidayr",
        "Intake": "htollidayr",
        "Status": true
    },
    {
        "Sl": {
            "No": 29
        },
        "Date": "06/26/2021",
        "Name": "Margarita Barrell",
        "Phone": "770-134-7025",
        "Email": "mbarrells@shop-pro.jp",
        "Study": "mbarrells",
        "Level": "mbarrells",
        "Intake": "mbarrells",
        "Status": false
    },
    {
        "Sl": {
            "No": 30
        },
        "Date": "04/10/2021",
        "Name": "Montgomery Serraillier",
        "Phone": "417-766-5037",
        "Email": "mserrailliert@springer.com",
        "Study": "mserrailliert",
        "Level": "mserrailliert",
        "Intake": "mserrailliert",
        "Status": false
    }
]